,Dis,Gen
1,-12.229142329272102,-0.49174611498892773
2,-220.22811099781708,-25.88848066329956
3,-324.79975567985986,-74.22817357381184
4,-413.7692596435547,-129.67165883382162
5,-475.492478314568,-156.48554484049478
6,-499.3137257295496,-150.6899617513021
7,-492.27395414464615,-164.30389912923178
8,-498.4863223805147,-164.41167704264322
9,-509.73319989372703,-157.775146484375
10,-512.5156971650965,-128.3625513712565
11,-546.427540139591,-70.59403483072917
12,-558.277455408433,-78.86298116048177
13,-541.0418593462775,-78.98394775390625
14,-549.3883562873392,-107.42997487386067
15,-534.1859256519991,-95.75654856363933
16,-534.3228264303768,-108.2445576985677
17,-518.6424840590533,-102.88147481282552
18,-509.7711292940028,-113.00579833984375
19,-503.5487918629366,-123.21646372477214
20,-485.8902329388787,-107.13009770711263
21,-483.33441198012406,-98.77657572428386
22,-463.00837797277114,-142.1102294921875
23,-464.23347921932447,-150.46808878580728
24,-451.88112039005057,-163.94874064127603
25,-446.49169670553766,-166.8186492919922
26,-440.9507471421186,-161.8864542643229
27,-443.64604204963234,-156.41124471028647
28,-432.6598011690028,-158.83356730143228
29,-416.95818158318014,-168.74468485514322
30,-418.97295711741725,-94.18671417236328
31,-420.93217414407167,-109.06746419270833
32,-422.6751001694623,-145.65939331054688
33,-425.52119499655333,-148.95133463541666
34,-418.413426657284,-188.63947041829428
35,-405.11205228917737,-131.44427235921225
36,-402.33001708984375,-169.66055297851562
37,-395.6846715590533,-123.73914845784505
38,-383.82056202608,-156.57335917154947
39,-370.4006114286535,-163.97588094075522
40,-360.1017657111673,-114.15535163879395
41,-350.7884230669807,-156.03570048014322
42,-347.5013786764706,-168.96383666992188
43,-331.83823744829965,-189.38563028971353
44,-327.8226785098805,-192.80078125
45,-316.3251314051011,-194.91971842447916
46,-314.5739887910731,-174.91544087727866
47,-308.3110491584329,-187.49679565429688
48,-308.2173070571002,-162.10069783528647
49,-302.76311717313877,-199.3140411376953
50,-295.8704352883732,-97.10989379882812
51,-300.4207138959099,-198.91962687174478
52,-302.1513987821691,-181.3511505126953
53,-296.22483215332034,-195.35991923014322
54,-297.62691542681523,-190.78216552734375
55,-297.6317284079159,-188.05420430501303
56,-288.69211336023665,-189.24906412760416
57,-285.59816822725185,-169.60745747884116
58,-278.78023932961855,-180.11822509765625
59,-284.0660576315487,-146.0045598347982
60,-267.6950222239775,-121.2181167602539
61,-276.42244083180145,-203.03963216145834
62,-273.46582821116726,-197.40520731608072
63,-265.50270619111905,-181.21692911783853
64,-277.3206117517808,-205.84169006347656
65,-264.83369804831113,-174.41895039876303
66,-265.4406758027918,-194.12286885579428
67,-261.7355858297909,-160.93778483072916
68,-261.3354233685662,-159.3035634358724
69,-260.81328717400044,-152.70111338297525
70,-245.7291819852941,-136.96489969889322
71,-245.45648911420037,-101.09339650472005
72,-253.5206142649931,-173.52411905924478
73,-249.06710528205423,-156.25939432779947
74,-247.9072421803194,-159.11199696858725
75,-244.81195014504826,-147.66961669921875
76,-239.44834630629595,-122.7438252766927
77,-243.2539541805492,-145.1439463297526
78,-239.30226153205422,-180.5783437093099
79,-237.39388804716222,-127.44351450602214
80,-238.9870942957261,-93.85823313395183
81,-232.72088102452895,-133.52259572347006
82,-234.62991045783548,-144.78267415364584
83,-238.64701358570773,-129.79048665364584
84,-235.99919972139247,-153.97286987304688
85,-240.62085158404182,-159.04015604654947
86,-233.2951265222886,-127.49556477864583
87,-236.74872095444624,-128.96675618489584
88,-229.93568384507122,-117.44385782877605
89,-229.38506451775046,-145.93336232503256
90,-226.63444160012637,-108.34912618001302
91,-228.18851156795725,-107.235107421875
92,-228.69726131663603,-105.32374064127605
93,-223.53658644732306,-124.62594604492188
94,-224.9974614760455,-132.0033925374349
95,-221.23553098790785,-124.26895395914714
96,-217.1053285486558,-114.59992980957031
97,-220.71890402401195,-107.98763529459636
98,-216.75651711856617,-137.32223002115884
99,-214.80827654670267,-135.64069112141928
100,-214.09945283777574,-105.0185661315918
101,-209.65808464499082,-155.61177571614584
102,-213.5607005399816,-135.64335123697916
103,-209.54179705451517,-121.81197865804036
104,-208.95735186408547,-115.29279073079427
105,-206.13373574649586,-130.0566838582357
106,-201.09490823184743,-130.83996073404947
107,-202.1477127972771,-139.99949645996094
108,-201.65581754796645,-135.91652170817056
109,-201.24804579790901,-153.95191446940103
110,-221.27747686049517,-89.75603612263997
111,-190.02807383817785,-177.0406951904297
112,-203.10375958610985,-139.86891428629556
113,-196.34093421487248,-138.56973775227866
114,-198.2337554034065,-138.67777506510416
115,-195.18077033547794,-123.32395426432292
116,-190.63997748879825,-143.94961293538412
117,-188.89741803337546,-162.56831868489584
118,-183.01360922420727,-131.57763163248697
119,-182.81836835075828,-132.97730255126953
120,-182.26572543873507,-120.78284962972005
121,-183.2427422018612,-152.09820048014322
122,-184.43122953527114,-146.30505879720053
123,-180.37120971679687,-127.18159484863281
124,-180.90213066549862,-157.50989278157553
125,-177.48360398236443,-142.23681131998697
126,-178.95654314826515,-150.17976888020834
127,-171.81104951746323,-122.26449839274089
128,-170.11674086626837,-142.88080851236978
129,-172.68810855641084,-153.7181396484375
130,-197.72464545754826,-116.6425043741862
131,-166.5875451480641,-92.63494110107422
132,-174.288205315085,-152.15957641601562
133,-169.6246862074908,-122.61068725585938
134,-169.52480495677275,-153.23253631591797
135,-169.30212115119485,-141.1873346964518
136,-166.84898573931525,-150.38925170898438
137,-165.2083988862879,-129.02743021647134
138,-166.12878768023322,-125.71485392252605
139,-165.0128194472369,-126.4255599975586
140,-187.8465379602769,-120.69694264729817
141,-156.21346471449908,-94.98046747843425
142,-158.22919167911306,-118.66965993245442
143,-159.6560458912569,-111.21667734781902
144,-155.5836741727941,-113.63769022623698
145,-157.2227171056411,-131.96848805745444
146,-156.3225860595703,-109.03499348958333
147,-156.79217897302965,-139.5396957397461
148,-157.8809627757353,-119.96877797444661
149,-154.98456878662108,-113.21601867675781
150,-182.32307730282054,-86.15382893880208
151,-146.42222065645106,-76.81098810831706
152,-150.86027113970587,-127.15389506022136
153,-153.4158307243796,-101.31185404459636
154,-150.3340279074276,-131.1435546875
155,-151.75209799373852,-120.60089619954427
156,-149.25287628173828,-100.53453063964844
157,-145.83544419232535,-133.85521952311197
158,-146.72408958883847,-108.9994633992513
159,-146.16499050364774,-126.01223754882812
160,-143.23150114171645,-86.67130915323894
161,-147.63843473546646,-85.71258036295573
162,-146.512328563017,-111.8565190633138
163,-144.73180883071,-120.82662709554036
164,-141.01892098819508,-134.04074350992838
165,-136.76440537396599,-109.639892578125
166,-140.55831083409927,-115.08161926269531
167,-137.4039660285501,-120.2292709350586
168,-141.36179280000573,-91.3247782389323
169,-135.00225112017463,-88.22920227050781
170,-156.09060345818014,-72.37685712178548
171,-134.0015422147863,-54.512655893961586
172,-132.71639072193818,-118.15592956542969
173,-137.3805813957663,-129.0163777669271
174,-132.2350112915039,-83.0143559773763
175,-134.69769951315487,-126.41087595621745
176,-132.77979844037225,-109.22083028157552
177,-130.8402489157284,-71.79262924194336
178,-131.03298573213465,-102.29024759928386
179,-130.32814968333525,-80.04646682739258
180,-134.35454299029183,-75.3275974591573
181,-131.42709601907168,-86.82649739583333
182,-132.19179157930262,-84.68522135416667
183,-129.30141879811006,-90.15076700846355
184,-129.6044309728286,-116.85997772216797
185,-126.95405704273897,-83.28148651123047
186,-127.24489081887639,-104.84130096435547
187,-127.8052842981675,-76.03705215454102
188,-127.23837504667394,-95.67994435628255
189,-123.86898453656364,-82.96077728271484
190,-129.4761184692383,-75.5515529314677
191,-120.39538888370289,-90.47207895914714
192,-121.83611575855929,-91.98055267333984
193,-122.3574738446404,-88.76418813069661
194,-122.95307886460247,-101.73784637451172
195,-120.02015327004825,-80.3278096516927
196,-119.60534874411191,-78.13373311360677
197,-119.97460174560547,-82.92195892333984
198,-119.09227447509765,-85.00385030110677
199,-120.20168448055492,-114.28625996907552
200,-132.3931977215935,2.2700932820638022
201,-114.74599007999196,-100.427001953125
202,-117.26368839039522,-73.8654556274414
203,-115.4583579119514,-78.25926844278972
204,-117.33034937241499,-108.65537770589192
205,-112.91321904799517,-84.63383483886719
206,-115.10144778980928,-97.26028188069661
207,-114.62439368752872,-106.39912414550781
208,-112.92188370648553,-109.53176879882812
209,-112.15798043643727,-96.04597981770833
210,-124.41166166417739,-79.9651616414388
211,-111.60986090267406,-43.45140234629313
212,-110.05460312787224,-68.83811124165852
213,-108.93476293227252,-75.81883748372395
214,-108.82719430362476,-70.36638514200847
215,-112.1323959350586,-71.05550130208333
216,-108.45625767427332,-77.56177520751953
217,-108.39203760483686,-98.80459086100261
218,-108.4653014239143,-119.94315083821614
219,-107.26740552116843,-68.72638193766277
220,-121.21435448141659,-54.75666427612305
221,-104.99876412784351,-93.54146194458008
222,-106.6342961030848,-55.62635930379232
223,-105.68193736356848,-62.56851450602213
224,-107.28366106818704,-88.39889780680339
225,-104.58043536017922,-62.83382924397787
226,-104.35084246467142,-73.29847971598308
227,-105.25862247242647,-97.29332733154297
228,-98.72873256907744,-112.17562357584636
229,-102.93297155043658,-85.90339660644531
230,-117.1136370490579,-59.50332768758138
231,-97.64436869901769,-121.09327189127605
232,-101.12575221342199,-86.46682993570964
233,-101.24871170941522,-88.6443608601888
234,-101.24657745361328,-82.93559392293294
235,-100.27672047334559,-61.433458964029946
236,-101.07916080250459,-57.32601420084635
237,-98.6790173698874,-73.11505126953125
238,-99.40586368336398,-76.42520141601562
239,-99.2228671803194,-80.98264821370442
240,-106.27848097857307,-57.62587324778239
241,-94.57861871158376,-75.58739598592122
242,-97.24498335894417,-59.32358423868815
243,-96.22982213637408,-80.60430908203125
244,-97.96838257733513,-53.70513916015625
245,-96.77563943301931,-83.21549479166667
246,-95.96408408669865,-56.52008565266927
247,-96.07123803531422,-85.96932474772136
248,-94.93586713005514,-81.32053248087566
249,-94.49759557387408,-71.47128168741862
250,-110.92350571576287,-22.133626619974773
251,-90.8288226408117,-58.95475641886393
252,-94.66150755040786,-96.97862752278645
253,-94.70291546092314,-69.06936264038086
254,-92.49461243573357,-62.9985605875651
255,-92.69811715518728,-65.61257934570312
256,-93.77746985940372,-84.20576731363933
257,-92.89694133085364,-81.93767674763997
258,-91.89400625789867,-77.31644694010417
259,-92.02260414572324,-70.13982391357422
260,-93.8075751360725,-77.05368041992188
261,-90.95462103451,-19.248863220214844
262,-91.8152291690602,-63.26356887817383
263,-90.49456616569968,-82.46656036376953
264,-88.4617867862477,-51.58883476257324
265,-89.80345553229837,-69.36195627848308
266,-90.59119020349839,-66.48905944824219
267,-88.45106492884018,-73.07450358072917
268,-89.64435550465303,-32.92159175872803
269,-88.51262193567612,-70.23489125569661
270,-99.14197383207433,-73.46443176269531
271,-84.65498226390166,-53.465916315714516
272,-89.34787279016831,-71.3272310892741
273,-86.75863414091222,-63.979366302490234
274,-86.54561300838695,-79.66387430826823
275,-87.06666187959559,-72.48825073242188
276,-88.95787649715648,-85.83001708984375
277,-89.50703286563649,-75.77325439453125
278,-86.47405835319968,-75.28579076131184
279,-87.97335653866038,-72.53686904907227
280,-90.55330182243796,-27.8488032023112
281,-86.40227845135857,-77.02457936604817
282,-86.04693904203528,-39.3588670094808
283,-86.70066528320312,-75.80607350667317
284,-85.64135185690488,-62.56801986694336
285,-85.59278775383444,-61.54330698649088
286,-86.15283755134134,-72.63083267211914
287,-86.57696789012236,-56.08117643992106
288,-87.23832684685202,-53.704627990722656
289,-85.17641767614028,-74.27950668334961
290,-89.98318678911994,-68.18636576334636
291,-82.60469050687902,-80.01931381225586
292,-85.36039231244256,-50.38700612386068
293,-83.38606181425207,-65.10032526652019
294,-84.1637383853688,-72.06168746948242
295,-83.26481071920956,-47.11893781026205
296,-84.2635633132037,-83.30236053466797
297,-83.65486167458927,-65.36544418334961
298,-82.40374028822956,-61.26766777038574
299,-81.68205674115349,-58.69717216491699
300,-95.21620550716625,-25.651339213053387
301,-79.97042559455423,-83.36206309000652
302,-82.34204617668601,-74.12037022908528
303,-81.4664628870347,-54.14152399698893
304,-83.22251479204964,-67.94399134318034
305,-82.40186125811408,-72.56732940673828
306,-83.51632798138787,-37.123208363850914
307,-82.52860116397633,-51.047845204671226
308,-82.06986447502585,-67.8944714864095
309,-82.49419385124655,-28.94542185465495
310,-96.07766979441924,-19.334866205851238
311,-77.15251765531652,-71.25603485107422
312,-81.06214711806354,-67.47041447957356
313,-81.653448082419,-77.35978698730469
314,-79.91529635261087,-56.89325459798177
315,-82.08515162748449,-50.43340937296549
316,-80.59095023660099,-65.98383331298828
317,-79.76727182724896,-42.29270680745443
318,-79.96119088565602,-41.79560470581055
319,-79.50965405632468,-61.40074920654297
320,-88.68557250078986,-53.02353477478027
321,-78.31867779002471,-59.899773915608726
322,-78.82587307200713,-42.10192362467448
323,-78.43522253597484,-48.60061009724935
324,-79.2436252818388,-51.31155776977539
325,-80.35951906092026,-30.78063138326009
326,-78.5224448260139,-50.82614517211914
327,-78.70372004789465,-57.634011586507164
328,-79.41658064898323,-43.266282399495445
329,-78.91456711713006,-51.303195317586265
330,-85.69531021118163,-56.64582220713297
331,-77.01669239717371,-67.45851643880208
332,-79.37056943108054,-77.16154225667317
333,-78.0886210273294,-32.25528208414713
334,-76.54515475104837,-36.593771616617836
335,-76.95963978486903,-37.05435053507487
336,-78.33246643963982,-75.27154286702473
337,-78.99033010146198,-50.647656758626304
338,-78.0862097347484,-38.83542124430338
339,-78.44663427016314,-41.04523722330729
340,-78.25475441427791,-55.9518845876058
341,-77.94084907980526,-56.224438985188804
342,-79.15706679400276,-42.42279815673828
343,-78.78798846076516,-39.811035792032875
344,-77.61501491771025,-61.203914642333984
345,-77.92676117840935,-48.67959531148275
346,-77.26814651489258,-45.52348709106445
347,-76.54136738496668,-57.17725626627604
348,-77.6665423224954,-50.40112559000651
349,-77.34279399198644,-26.66143035888672
350,-89.37002769919003,-28.126962025960285
351,-75.88555629954618,-50.743836085001625
352,-76.45011318431182,-63.24688466389974
353,-77.00745463651769,-36.54962158203125
354,-74.1007121815401,-46.722330729166664
355,-75.71817532707664,-46.13815434773763
356,-77.41872410493738,-45.13665771484375
357,-75.67268120260799,-36.02828598022461
358,-78.39137779684627,-46.95928827921549
359,-75.04007308062386,-43.09010378519694
360,-81.30083887436811,-37.40557066599528
361,-75.11398059620576,-48.173221270243324
362,-74.52902894861558,-38.88092613220215
363,-75.1281338411219,-26.357482433319092
364,-74.90636340870577,-38.99465560913086
365,-74.21390533447266,-62.29054641723633
366,-76.8978739121381,-54.121743520100914
367,-74.46149107989143,-31.083346525828045
368,-74.02024527157054,-42.85087013244629
369,-74.99108110315659,-76.98499552408855
370,-79.89472301707548,-21.432963053385418
371,-74.3286283156451,-11.427616039911905
372,-74.09036308737362,-30.33539390563965
373,-75.06106001910041,-33.471978187561035
374,-74.42505318136776,-8.221113204956055
375,-73.63831935209386,-49.48346074422201
376,-74.84008847404928,-63.961560567220054
377,-72.3216474645278,-34.981863021850586
378,-73.54064402860753,-32.60951169331869
379,-74.79897582110236,-34.871901194254555
380,-76.38401529648725,-43.66078758239746
381,-75.4795753479004,-36.08048884073893
382,-73.69468428667854,-20.978931268056233
383,-73.56711668126724,-41.89164924621582
384,-72.5613883972168,-29.991008758544922
385,-74.01607221715591,-50.82348124186198
386,-72.64046518662397,-42.028680165608726
387,-71.95163246603573,-28.619115193684895
388,-73.16697208180148,-62.10112508138021
389,-74.57475397446576,-41.95586331685384
390,-83.02648530847885,-24.432071050008137
391,-72.50257240744197,-38.322617848714195
392,-71.65520670273725,-45.26375071207682
393,-70.62003366806928,-35.53223482767741
394,-72.02992100435145,-19.189381281534832
395,-72.00354982263902,-62.41921869913737
396,-71.02655258178712,-29.950132369995117
397,-72.04965685676126,-50.16172409057617
398,-71.383081593233,-42.53360557556152
399,-72.84061840281767,-49.60298220316569
400,-77.48370186300839,-31.84865466753642
401,-71.22662730497473,-27.14829381306966
402,-72.66141361909754,-49.982767740885414
403,-71.52196857227999,-22.189390182495117
404,-71.50904922485351,-35.26208019256592
405,-72.05586377312156,-42.26451047261556
406,-70.0812744140625,-27.348132133483887
407,-70.83128392836628,-24.032908121744793
408,-71.11766379861271,-43.3621498743693
409,-70.63243412691004,-34.262725830078125
410,-79.57742646161248,-24.35846010843913
411,-72.7379025178797,-16.001044273376465
412,-70.78126575245577,1.0524024963378906
413,-71.00350916245404,-55.35648981730143
414,-71.80590277279124,-29.39807637532552
415,-72.11610201667337,-54.85869344075521
416,-71.1080311494715,-43.46500905354818
417,-71.94941249174231,-43.43373362223307
418,-70.80027295280905,-36.54510370890299
419,-71.71737397137811,-56.08289909362793
420,-79.68448378619026,7.469336191813151
421,-69.24504331700942,-58.60840606689453
422,-72.21646508609547,-18.55205472310384
423,-70.932037488152,-32.90473461151123
424,-72.58691244686351,-43.403180519739784
425,-69.581922194537,-49.261182149251304
426,-68.73795457727769,-10.06168786684672
427,-69.96055988984949,-42.33215077718099
428,-71.7154967364143,-37.91153335571289
429,-70.3219211802763,-40.81840451558431
430,-76.45346917545095,-26.912118593851726
431,-68.5873899123248,-36.09775924682617
432,-69.13088401345645,-5.95783011118571
433,-70.18708159502815,-33.99794181187948
434,-72.54093309290269,-27.87260341644287
435,-69.85519893870634,-15.457379341125488
436,-69.58563586964327,-44.78478113810221
437,-70.65900910321405,-17.50334644317627
438,-70.914153918098,-15.758704980214437
439,-69.63984621833353,-34.7237024307251
440,-72.12956578871783,-15.787611643473307
441,-68.68795282700482,-70.97702916463216
442,-70.63891009162454,-31.637906392415363
443,-69.23138638664695,-40.51084582010905
444,-69.15140228271484,-30.9979305267334
445,-69.16999291812672,-10.66949955622355
446,-70.44292952593635,-33.02979246775309
447,-72.47638854980468,-34.01585324605306
448,-70.46613791970645,-34.555667877197266
449,-68.46901007259594,-27.03374989827474
450,-72.08970175350413,-30.73525047302246
451,-69.44324919756721,-20.135072708129883
452,-68.93962052289177,-9.025007367134094
453,-68.7437972573673,-43.00682830810547
454,-70.7662478278665,-37.25970045725504
455,-68.4327969270594,-23.638609886169434
456,-70.4828243928797,-34.846153577168785
457,-70.768304308723,-48.895084381103516
458,-70.00265278535731,-46.920345306396484
459,-69.28221969604492,-13.980860670407614
460,-70.52551843979779,-34.92647337913513
461,-67.35223307890051,-36.71047846476237
462,-68.12978699628044,-55.165777842203774
463,-68.15772740981159,-26.132205327351887
464,-68.55884614832262,-25.426303545633953
465,-68.58372300091912,-18.619601885477703
466,-69.26873065724092,-35.0345344543457
467,-68.72167470595416,-30.32418696085612
468,-67.48278709860409,-29.35015869140625
469,-68.44232074513155,-25.601991653442383
470,-74.17443286671357,-26.72860336303711
471,-68.98751395730412,-58.2342783610026
472,-68.92671333761776,-24.50700569152832
473,-67.75968838860007,-55.540758768717446
474,-68.28167805391199,-14.149386405944824
475,-68.94962656357708,-9.246785958607992
476,-68.09463958740234,-35.85659917195638
477,-67.30073201796588,-38.9248104095459
478,-68.51284592572381,-12.460023244222006
479,-68.56330835678997,-35.52853616078695
480,-69.77443156522862,-35.48912572860718
481,-67.32587387982537,-31.154138882954914
482,-66.37805938720703,-28.928552627563477
483,-66.97388552497415,-26.010483423868816
484,-66.91509421853458,-37.005364735921226
485,-67.7329142850988,-48.167012532552086
486,-67.75758729822495,-33.99779256184896
487,-66.79577264224781,-52.774131774902344
488,-67.23022335276885,-24.0509770711263
489,-66.55789031982422,-26.319817225138348
490,-71.13585362153894,-34.82586542765299
491,-65.39187859927907,-44.854331970214844
492,-65.95551331463982,-25.24615732828776
493,-67.90558337043313,-24.69214693705241
494,-65.91760662303251,-48.351324717203774
495,-67.47896032894359,-14.411686579386393
496,-65.72114531573128,-17.838229497273762
497,-65.44036573522231,-42.6778818766276
498,-66.880017897662,-22.12275727589925
499,-67.82996054256664,-20.483838717142742
500,-69.43733825683594,-10.153675079345703
501,-65.45406112670898,-34.479457219441734
502,-65.64097833072438,-22.832291920979817
503,-65.68779076968923,-34.56393305460612
504,-66.2875566370347,-36.48347568511963
505,-65.6844092425178,-46.46381378173828
506,-66.67463944379021,-26.61411190032959
507,-66.40019109389361,-26.278358459472656
508,-65.62600694544174,-32.11828804016113
509,-64.89729605282054,-34.83861986796061
510,-67.19578278485467,-20.848049640655518
511,-65.34637828153723,-46.698324839274086
512,-64.80753541834214,-34.97149785359701
513,-65.72153863345875,-25.981411933898926
514,-65.42785146376666,-43.63659477233887
515,-67.45785037769991,8.29932451248169
516,-65.3431864121381,-1.0033341248830159
517,-64.60357845530791,-20.26085313161214
518,-67.20658012838925,1.0072313944498699
519,-65.34874774708467,-7.528237024943034
520,-68.20636488970588,-15.587198257446289
521,-64.49290331672219,-25.075596809387207
522,-66.51685719209559,-28.63160578409831
523,-65.00373378080481,-70.33466720581055
524,-65.05381658217486,-42.797072092692055
525,-66.31916014727425,-30.83473078409831
526,-65.14450625251321,-27.26523780822754
527,-64.63820531508502,-41.64390500386556
528,-65.8357588375316,-9.363899866739908
529,-64.8619582232307,-10.62770907084147
530,-66.60026882396025,-43.61262512207031
531,-64.69791870117187,-27.70220692952474
532,-64.84673897238339,-28.583017349243164
533,-63.92375254911535,-33.45394070943197
534,-65.83517429127413,-41.09722260634104
535,-64.27976989746094,-11.416488647460938
536,-64.51392265768612,-29.02876154581706
537,-66.38604651058421,-42.779580434163414
538,-64.44111022949218,-13.609832763671875
539,-65.3508767969468,-4.675879200299581
540,-68.0996955422794,7.504655917485555
541,-64.40160226260915,-43.52332067489624
542,-64.47963678696576,-19.429863929748535
543,-63.44089575374828,-25.081124305725098
544,-63.84373604269589,-17.048576990763348
545,-64.75926064883961,-41.00675582885742
546,-65.154114038804,-57.02722040812174
547,-63.51738456277286,-43.876407623291016
548,-64.56194229125977,-28.07373046875
549,-64.74684165505802,-28.849409421284992
550,-71.3361494176528,-4.1020863850911455
551,-63.820170368867764,-5.31151549021403
552,-63.782946844661936,-49.01825078328451
553,-64.01348634607652,-26.794847170511883
554,-65.61292414945714,-52.764975229899086
555,-62.6001844069537,-31.924143473307293
556,-63.32254526474897,-27.3542963663737
557,-62.96168769387638,-20.74712594350179
558,-63.644927978515625,-25.37225087483724
559,-64.1089978386374,-44.14318339029948
560,-66.05044035070082,-30.103522936503094
561,-62.957766723632815,-22.56915537516276
562,-61.8767230314367,-51.65701802571615
563,-65.03018695606904,-51.56027094523112
564,-64.65505900663489,-31.55390453338623
565,-63.52671531228458,-40.26262664794922
566,-63.56000635483686,-39.78514607747396
567,-63.59366544835708,-19.562275568644207
568,-63.648486866670495,-37.07249514261881
569,-63.828893549302045,-25.238807678222656
570,-64.37551090016085,-47.485985120137535
571,-63.35937773760627,-18.228438059488933
572,-64.39452424890855,-42.58118565877279
573,-62.969856935388904,-16.325731595357258
574,-63.71112486895393,-3.341193993886312
575,-64.26617485495174,-11.171531677246094
576,-62.19916184369256,-9.946799675623575
577,-63.87902212703929,-30.61475880940755
578,-63.216761330997244,-49.99364471435547
579,-63.06188475664924,-6.619547526041667
580,-67.4933926301844,-33.843170166015625
581,-62.68086417703068,-32.24810218811035
582,-62.020662464815025,-31.02469825744629
583,-62.3006067163804,-31.98816680908203
584,-62.997928664263554,-46.61642074584961
585,-63.69811971327838,-35.957274754842125
586,-62.67422076954561,-36.46323903401693
587,-62.65347604190602,-30.438352902730305
588,-62.86649470609777,-51.89701461791992
589,-61.83897700590246,-17.57988166809082
590,-68.8642785913804,-16.33070246378581
591,-60.912675386316636,-34.738099098205566
592,-62.74858990837546,-11.218114693959555
593,-62.00012660307043,-16.676671346028645
594,-62.78649107989143,-44.8451722462972
595,-62.12915918686811,-28.146168907483418
596,-62.915985174740065,-20.44541613260905
597,-61.91947856229894,-42.042669932047524
598,-64.26902972950654,-28.47309923171997
599,-64.96968101052677,-36.74217732747396
600,-68.89968225815717,18.112782955169678
601,-60.80661921781652,-38.79170481363932
602,-61.046117849910964,-32.27038987477621
603,-63.06588413014131,-13.68152936299642
604,-63.6745288624483,-24.301001230875652
605,-60.851315307617185,-52.67339579264323
606,-61.79985023947323,-35.64783795674642
607,-63.22941755406997,-22.036174138387043
608,-63.07334370332606,-49.393524169921875
609,-62.85867955824908,-39.28070116043091
610,-66.90031235638787,-15.28317133585612
611,-60.00041384977453,-37.621407985687256
612,-61.02593679989086,-38.07060623168945
613,-60.84168247896082,-36.807359059651695
614,-62.05539097505457,-25.166552861531574
615,-60.24229673497817,-38.20938618977865
616,-61.93288646024816,-45.19275665283203
617,-60.3087843951057,-33.82185363769531
618,-63.75778009751264,-42.15254465738932
619,-63.90913090425379,-45.787270863850914
620,-63.76403673957376,-16.573469479878742
621,-62.153683830710015,-27.60131899515788
622,-63.087902248606966,-9.314077218373617
623,-62.694888530058016,-44.7097536722819
624,-61.23446372537052,-43.164188385009766
625,-60.914266608743105,-35.23402420679728
626,-62.817870644962085,-47.07400639851888
627,-61.746755353142234,-17.27211284637451
628,-61.11828761381261,-45.53764724731445
629,-62.86556661269244,-32.47513326009115
630,-64.65461102653953,15.471424261728922
631,-61.54590476540958,-54.366921742757164
632,-61.32482831618365,-5.031606515248616
633,-62.59462257834042,-20.729638417561848
634,-63.31566992367015,-39.61732419331869
635,-61.40844749001896,-7.3950856526692705
636,-61.724681719611674,-43.16682688395182
637,-61.17684317196117,-30.67670249938965
638,-62.23363683363971,-34.97122573852539
639,-62.69164213292739,-41.0208477973938
640,-61.408037656896255,-38.31785933176676
641,-62.13592758178711,-32.459168434143066
642,-60.99067041733686,-32.05669975280762
643,-61.719642863554114,-48.64893595377604
644,-61.3486707350787,-36.25725873311361
645,-61.11924788531135,-19.454618453979492
646,-61.216293200324564,-30.862885157267254
647,-60.76216372321634,-27.854960441589355
648,-62.7770715601304,-44.874219258626304
649,-61.25145510505227,-28.26151418685913
650,-62.76544324089499,-40.623945236206055
651,-60.58439479154699,-29.229650338490803
652,-61.87328414916992,-10.278423309326172
653,-60.738584630629596,-38.22657839457194
654,-62.73119367711684,-31.608864148457844
655,-60.50550581988166,-35.845688819885254
656,-62.48520296882181,-31.462074677149456
657,-62.79699832691866,-21.932854334513348
658,-63.02821426391601,-17.07658322652181
659,-60.166720491297106,-48.84520149230957
660,-63.1422643773696,-19.03451951344808
661,-60.44096244363224,-28.12383969624837
662,-62.64782988604377,-11.073496103286743
663,-61.319201929429,-0.6278292338053385
664,-60.88328974106732,-33.17644818623861
665,-62.20152206420899,-28.26135508219401
666,-60.3928783641142,-7.680061022440593
667,-61.041109825583064,-38.22918446858724
668,-61.77584013097427,-23.634190559387207
669,-62.10463202981388,-27.71603027979533
670,-64.73055375043084,-11.3657177289327
671,-62.44823617374196,-32.412699381510414
672,-62.38332093182732,-28.511868794759113
673,-61.409722900390626,-3.425365130106608
674,-59.88623378978056,-19.87405252456665
675,-61.08457857019761,-25.793031215667725
676,-60.742604962517234,-29.096416751543682
677,-61.61141770306755,-21.252253850301106
678,-61.846974675795614,-27.264235496520996
679,-61.10572653377757,-44.49797248840332
680,-64.77567829805263,-43.8706423441569
681,-60.67232867970186,-16.944745381673176
682,-60.128681093103744,-18.48068682352702
683,-61.458260973762066,-50.997641245524086
684,-61.19435738956227,-57.52243677775065
685,-60.51087471457089,-10.05771025021871
686,-60.48837064855239,-16.929395993550617
687,-60.97596260519589,-11.709710439046225
688,-60.4338784161736,-35.974692026774086
689,-60.673412121043484,-26.575361569722492
690,-60.859509097828585,-29.4791997273763
691,-60.28799950094784,-13.734090805053711
692,-59.587432906206914,-43.87525622049967
693,-60.145746253518496,1.2265783945719402
694,-60.74501248527976,-25.32404661178589
695,-60.8594762914321,-4.8868536949157715
696,-61.017425133200256,-18.716329097747803
697,-61.07408716538373,-52.9155158996582
698,-59.84420744952033,-29.169914881388348
699,-60.13266597074621,-35.337816874186196
700,-65.46181842579561,-30.881336847941082
701,-59.88722278370577,-27.197362899780273
702,-59.47077340518727,-49.31752268473307
703,-60.92282844992245,-8.428402264912924
704,-59.3108253030216,-38.40612665812174
705,-61.48140209422392,5.26377550760905
706,-60.93482078103458,-52.40183194478353
707,-60.827725848029644,-20.25658901532491
708,-60.8784797668457,-16.58269476890564
709,-59.889283079259535,-34.28211975097656
710,-66.46175285788144,2.39249579111735
711,-60.44471776625689,-11.679048220316568
712,-61.02228667315315,-19.285534381866455
713,-59.344615801642924,-16.64227044582367
714,-60.97974925321691,-10.901633103688559
715,-60.41523356718176,-22.617352803548176
716,-59.70816497802734,8.0060027440389
717,-61.17679304235122,-30.72762616475423
718,-60.725081275491156,-33.55414072672526
719,-60.900472259521486,-22.846879323323567
720,-65.23561046824736,-10.57608413696289
721,-59.87375627405503,10.375862757364908
722,-60.2346326491412,-25.09848181406657
723,-59.62373118681066,-26.955682118733723
724,-58.84201565910788,-38.35147285461426
725,-59.12871636783375,-25.301586786905926
726,-60.96205915563247,-7.962940454483032
727,-59.307035289091225,-38.53318468729655
728,-61.123215305103976,-52.35932223002116
729,-59.903015585506665,-13.901596864064535
730,-63.31211790197036,-24.82936668395996
731,-58.87454066557043,-26.83935801188151
732,-61.16340282664579,-38.31228892008463
733,-60.16805909100701,-2.7123141288757324
734,-59.461366541245404,0.8931380907694498
735,-59.22713450263528,2.239555835723877
736,-59.65876330207376,-29.59864679972331
737,-61.00362831564511,-35.80283896128336
738,-61.20899761424345,-21.261804421742756
739,-59.6469627829159,-23.067930221557617
740,-64.985068915872,16.45267168680827
741,-59.62331996244543,-54.73792012532552
742,-60.83992471133961,-31.46602988243103
743,-61.12123929192038,1.7307445208231609
744,-59.47239640179802,-18.036184231440227
745,-60.78466377258301,-1.7979976336161296
746,-60.36142932667452,-11.389755884806315
747,-60.4744187298943,-10.205352942148844
748,-60.53247532564051,-52.234630266825356
749,-61.20551295560949,-13.483438809712728
750,-62.701873240751375,-12.181354522705078
751,-60.3719716240378,-23.748023351033527
752,-59.955542261460245,-24.996450742085774
753,-59.28649583704331,-22.90498383839925
754,-59.48784686817842,-3.416632652282715
755,-60.75242049273323,-41.644432067871094
756,-60.76354004355038,9.68220329284668
757,-58.406799226648666,-39.16566022237142
758,-60.20563327564913,-23.1388525168101
759,-59.96520120957319,-15.470513502756754
760,-63.05815806669347,-23.392093340555828
761,-60.560121424057904,1.9854850769042969
762,-60.17075599221622,-21.73107147216797
763,-60.47013940250172,-29.99506203333537
764,-58.85808635038488,-17.02016345659892
765,-60.689585158404185,-37.64133834838867
766,-60.63707917157341,-25.963706334431965
767,-59.62278594970703,-21.614112695058186
768,-60.37714457792394,-12.600855509440104
769,-61.22702865600586,-31.860373814900715
770,-64.10862247242648,-25.080901463826496
771,-58.76340098661535,26.286316235860188
772,-60.41098906573127,-10.697763125101725
773,-59.97988052368164,-40.81714630126953
774,-59.72970500272863,-47.33457692464193
775,-61.19775525261374,-30.872620185216267
776,-59.45305503396427,9.176701744397482
777,-59.865921693689685,-39.0492197672526
778,-59.83404478185317,-31.448204676310223
779,-59.26201234705308,-32.92529614766439
780,-68.43620663811178,9.587393442789713
781,-58.03696782729205,-52.592308044433594
782,-60.933058346019074,-50.4374148050944
783,-59.105571567311,-0.24799871444702148
784,-58.29709616268382,-2.3348264694213867
785,-58.76953425687902,-15.31440019607544
786,-59.74099233290728,-10.671059608459473
787,-60.237651196648095,-43.34158198038737
788,-60.39627322028665,-43.96508280436198
789,-60.102451414220475,-41.545333544413246
790,-60.754539444867305,-26.15898831685384
791,-59.054262946633735,-40.39155515034994
792,-59.68647066004136,-33.641801834106445
793,-59.813093970803656,-24.51310920715332
794,-60.52851598403033,-37.357741038004555
795,-59.20940796347225,-15.680728912353516
796,-59.19969338809743,-23.185872395833332
797,-60.71735830867992,15.634675900141398
798,-60.36862541647518,-25.25690460205078
799,-62.76046048332663,-19.40670108795166
800,-61.787647067799284,-10.077795426050821
801,-61.16997801836799,-30.17990843454997
802,-59.411146186379824,-14.262089093526205
803,-59.9966033486759,-9.12128496170044
804,-60.80707029454848,-3.961731274922689
805,-59.6121166453642,-14.201123237609863
806,-58.84216793284697,-39.113258361816406
807,-60.300207923440375,-27.949277877807617
808,-59.54404278923484,-32.826621214548744
809,-61.56879348754883,-9.726183891296387
810,-64.27919793970445,-7.890340089797974
811,-58.66342113719267,-13.590960502624512
812,-60.03715954948874,-46.26423645019531
813,-60.40478529088637,-2.0947885513305664
814,-59.41096756879021,-37.660277684529625
815,-61.29177326875575,-63.12403869628906
816,-58.917234577852135,-7.95968500773112
817,-60.38158582799575,-59.708361307779946
818,-59.07695640115177,-17.32205144564311
819,-59.7686845667222,-19.645586331685383
820,-61.84287553675034,-15.198975443840027
821,-59.45419342938592,-24.270100037256878
822,-60.52890252506032,-16.76966730753581
823,-58.97921645220588,-24.673362096150715
824,-61.361183211382695,-36.752516428629555
825,-59.85094173655791,-27.102258682250977
826,-58.78288807588465,-25.030535062154133
827,-58.15643777286305,-41.10332806905111
828,-58.55351216933307,-34.91406377156576
829,-59.82108472936294,-8.388610204060873
830,-60.49205914665671,-26.34304205576579
831,-60.72736381081974,-34.30107625325521
832,-59.87873063928941,-34.89069684346517
833,-60.11982727050781,-12.623642643292746
834,-60.73034551283892,-33.49289321899414
835,-60.81990702012006,-25.558998982111614
836,-60.59579063864315,-29.01418685913086
837,-60.38266220092773,0.4546734591325124
838,-58.982013567756205,-31.55983320871989
839,-59.62368199965533,4.5638993581136065
840,-63.15623949836282,-10.006866137186686
841,-59.536680019603054,-43.88784066836039
842,-61.09707664040958,-31.973851839701336
843,-59.09924186257755,-28.00511074066162
844,-59.73247994815602,-39.84795252482096
845,-59.71221780215993,-15.688908179601034
846,-59.09965847239775,-13.017255862553915
847,-59.64017661599552,-28.42406455675761
848,-57.921812932631546,-26.57771364847819
849,-59.87246645759134,-32.4045041402181
850,-62.04410400390625,4.978597005208333
851,-57.78744426054113,-3.54478391011556
852,-58.15885624605067,-28.42829926808675
853,-59.48336545158835,2.259708563486735
854,-60.09090697344612,-34.93034362792969
855,-58.66786139993106,-36.31871064503988
856,-58.77076160206514,-29.70610237121582
857,-59.5721669365378,-23.73900540669759
858,-59.91628687241498,-37.53675778706869
859,-59.773155212402344,-33.73932393391927
860,-59.807597485710595,-4.225054224332173
861,-59.17373809814453,-45.045698165893555
862,-59.57433166503906,-52.35269705454508
863,-58.20274792839499,-5.588915824890137
864,-58.76459220437442,-25.65329071879387
865,-59.4014295241412,-29.142374356587727
866,-59.210249822279984,27.311916987101238
867,-58.96181829115924,-19.364691257476807
868,-57.20545607174144,-4.007279713948567
869,-58.86124682706945,-39.20062510172526
870,-63.25256033504711,-32.46333567301432
871,-57.72511058134191,14.90487559636434
872,-58.41749999102424,-32.28146425882975
873,-59.92271863151999,-1.288509686787923
874,-57.98761439603918,-21.84654140472412
875,-58.309303328570195,-27.267855962117512
876,-57.5382204841165,-29.671709696451824
877,-58.98432092105641,-32.397111097971596
878,-57.060999073701744,-15.231273651123047
879,-58.575313568115234,-20.174689610799152
880,-60.01388056137983,-15.401604970296225
881,-58.498796754724836,-24.646309852600098
882,-60.19697934318991,-4.620739618937175
883,-59.15112784890567,-49.086669286092125
884,-57.516624450683594,-8.227740923563639
885,-61.12309166403378,-24.594899495442707
886,-58.69682002348058,-8.825304667154947
887,-59.433368189194624,-33.92498588562012
888,-58.47433727488798,-3.3944692611694336
889,-58.85398240930894,-37.27484178543091
890,-60.563051829618566,-27.701911608378094
891,-56.99668525247013,-42.33144521713257
892,-58.95834175558651,-23.61483097076416
893,-59.17190955666935,-35.101401011149086
894,-57.81340919943417,-23.65635871887207
895,-59.166090348187616,-7.77401606241862
896,-59.228638727524704,-57.44202423095703
897,-57.716815634334786,-21.049140612284344
898,-58.60866533167222,-44.94182840983073
899,-58.56389757044175,-24.726830800374348
900,-58.981539468204275,-51.752970377604164
901,-58.850086885340076,-23.404755274454754
902,-57.89387848797966,-12.07084592183431
903,-58.18048463709214,-40.03928883870443
904,-59.571109412698185,-35.60145060221354
905,-59.26211534387925,-5.374351183573405
906,-60.17735546336454,-24.76296369234721
907,-59.18178046731388,-29.029685020446777
908,-58.796802004645855,-24.015471935272217
909,-59.507989546831915,-6.929447174072266
910,-62.60954482134651,-3.4743499755859375
911,-59.816801677030675,-30.658344268798828
912,-59.06135594985064,-2.7595138549804688
913,-57.8131700852338,-35.76015321413676
914,-58.439101118199964,-43.14788373311361
915,-59.12723368476419,-48.96863810221354
916,-58.73681196324966,-9.30650552113851
917,-59.40955209171071,0.20606056849161783
918,-58.54114146513098,-58.572591145833336
919,-59.54923818251666,-37.27371025085449
920,-62.08228898889878,-15.465625445048014
921,-57.35527523265166,-6.681517601013184
922,-57.640537710750806,-26.19921366373698
923,-58.188920615701115,-28.521308263142902
924,-58.63689415875603,-2.2522192001342773
925,-57.85049079446232,-23.3056804339091
926,-59.102272437600526,-12.89799451828003
927,-59.41342867682962,-36.2340472539266
928,-58.24499027027803,-16.807087262471516
929,-57.90018519233255,-34.874682108561196
930,-58.92218973496381,10.33323601881663
931,-58.83252792358398,-21.70286552111308
932,-58.48746135936064,-31.6820166905721
933,-58.54439499798943,-35.104745864868164
934,-59.931603375603174,-33.504801750183105
935,-58.51983005299288,-23.413052399953205
936,-59.20864845724667,-27.979070504506428
937,-59.78892813289867,-64.22278849283855
938,-59.031678278305954,-40.603737473487854
939,-59.89077247170841,-42.85032272338867
940,-59.31774475995232,-44.65443674723307
941,-58.45841594022863,-19.652516682942707
942,-60.11903637156767,-44.23651377360026
943,-58.64543394200942,-24.242684682210285
944,-59.33934465296128,-44.12287584940592
945,-58.7955410676844,-23.975414276123047
946,-59.10637287813074,-27.552939256032307
947,-58.31821356380687,-18.81828244527181
948,-59.38530246510225,-27.66499137878418
949,-59.53679360782399,-44.21135457356771
950,-59.50036769193761,-22.853856086730957
951,-58.192690097584446,-33.127384185791016
952,-58.39999753166647,-4.7076631387074785
953,-58.8177900426528,-35.43298530578613
954,-59.64974134108599,10.206609090169271
955,-59.47319641113281,-36.0381654103597
956,-59.37741524191464,-52.09639358520508
957,-57.9076036789838,-18.669572512308758
958,-59.453156056123625,-52.877010345458984
959,-58.62003761740292,-30.946901321411133
960,-60.31300313612994,-22.29384978612264
961,-58.83495079489315,-29.052396297454834
962,-57.69616676779354,-29.175535360972088
963,-59.25953319773954,-28.145360946655273
964,-58.75641690422507,-41.06217575073242
965,-59.05042922076057,-40.57878303527832
966,-58.53349097756779,-22.287054379781086
967,-58.089840653363396,-49.88113530476888
968,-58.71658253389246,-38.99779510498047
969,-57.80185255162856,-46.10238901774088
970,-58.79590256634881,-48.06541315714518
971,-58.06648406982422,-9.27004591623942
972,-59.61377343570485,-51.0125535329183
973,-59.303218258128446,-11.3921537399292
974,-60.273697034050436,-27.67858600616455
975,-59.01333088594325,20.354424158732098
976,-59.55417902329389,-47.01593907674154
977,-57.82432369905359,-55.03143437703451
978,-58.59138448378619,-29.146151860555012
979,-57.457550407858456,-43.55831972757975
980,-59.118940645105695,-17.449540893236797
981,-58.911696220846736,-22.872128168741863
982,-58.617221742517806,-22.142969767252605
983,-59.011325970818014,-26.902548789978027
984,-58.2188912784352,10.017008145650228
985,-58.6351458381204,-16.342393557230633
986,-59.357614405014935,-16.537389596303303
987,-60.0076836978688,-35.90638510386149
988,-60.40020262774299,-12.856409708658854
989,-57.271893983728745,-19.13661988576253
990,-59.087034404979036,-6.13904611269633
991,-58.25771417056813,-13.804652531941732
992,-57.11796004351448,-39.80619271596273
993,-58.844191338034236,-41.855374018351235
994,-59.32074531106388,-19.70775842666626
995,-58.33508260390338,-14.73667017618815
996,-57.35396589391372,-23.978925546010334
997,-60.095926621380976,-6.4000193277994795
998,-58.08873955221737,-25.161727905273438
999,-58.432304763793944,-23.158172607421875
1000,-62.17243109310375,-23.157896280288696
